tracking_number,courier,weight_kg,distance_km,promised_hours,actual_hours
AJ2510000001,Pos Indonesia,1.14,61.04,48.0,50.98
AJ2510000002,AnterAja,3.28,17.06,24.0,25.33
AJ2510000003,Pos Indonesia,4.44,27.16,48.0,50.22
AJ2510000004,SiCepat,3.58,14.82,24.0,26.08
AJ2510000005,JNE,4.18,13.3,24.0,24.44
AJ2510000006,Ninja Xpress,1.23,7.46,24.0,26.52
AJ2510000007,Pos Indonesia,3.49,23.54,24.0,24.77
AJ2510000008,Pos Indonesia,2.38,6.97,24.0,25.79
AJ2510000009,JNE,2.14,29.44,48.0,49.5
AJ2510000010,AnterAja,,43.86,48.0,49.29
AJ2510000011,J&T,6.94,22.16,24.0,25.44
AJ2510000012,Ninja Xpress,8.39,11.92,24.0,25.55
AJ2510000013,SiCepat,6.29,24.08,24.0,24.83
AJ2510000014,Pos Indonesia,2.68,11.67,24.0,25.34
AJ2510000015,AnterAja,3.53,38.05,48.0,48.76
AJ2510000016,J&T,4.53,2.75,24.0,25.3
AJ2510000017,AnterAja,3.07,11.37,24.0,24.21
AJ2510000018,JNE,3.09,2.36,24.0,25.43
AJ2510000019,Pos Indonesia,4.68,3.78,24.0,24.57
AJ2510000020,SiCepat,2.76,57.15,48.0,49.79
AJ2510000021,Pos Indonesia,1.84,36.61,48.0,49.58
AJ2510000022,J&T,2.23,7.9,,26.15
AJ2510000023,Ninja Xpress,4.18,3.75,24.0,26.07
AJ2510000024,Ninja Xpress,2.86,1.0,24.0,25.56
AJ2510000025,Pos Indonesia,3.5,9.33,24.0,26.0
AJ2510000026,JNE,4.27,120.0,72.0,73.43
AJ2510000027,AnterAja,2.28,23.64,24.0,25.31
AJ2510000028,JNE,4.5,9.19,24.0,26.61
AJ2510000029,JNE,3.59,24.33,24.0,25.39
AJ2510000030,SiCepat,1.36,3.55,24.0,25.25
AJ2510000031,Pos Indonesia,6.79,11.79,24.0,26.15
AJ2510000032,Ninja Xpress,2.12,17.19,24.0,26.74
AJ2510000033,J&T,1.06,14.41,24.0,23.6
AJ2510000034,J&T,1.53,33.16,48.0,48.21
AJ2510000035,AnterAja,1.55,21.7,24.0,25.46
AJ2510000036,JNE,2.95,29.52,48.0,48.8
AJ2510000037,JNE,2.42,8.13,24.0,26.0
AJ2510000038,AnterAja,2.33,36.71,48.0,49.34
AJ2510000039,J&T,4.14,73.52,48.0,48.83
AJ2510000040,SiCepat,3.5,6.22,24.0,24.27
AJ2510000041,AnterAja,3.45,6.73,24.0,22.85
AJ2510000042,Pos Indonesia,3.65,55.65,48.0,50.29
AJ2510000043,SiCepat,4.14,13.04,24.0,25.28
AJ2510000044,J&T,0.81,59.36,48.0,49.7
AJ2510000045,Pos Indonesia,2.3,10.27,24.0,26.45
AJ2510000046,Pos Indonesia,0.77,62.32,48.0,51.51
AJ2510000047,J&T,2.92,17.72,24.0,25.16
AJ2510000048,J&T,2.85,19.99,24.0,23.63
AJ2510000049,SiCepat,5.35,69.16,48.0,51.01
AJ2510000050,JNE,5.83,11.09,24.0,25.52
AJ2510000051,JNE,3.23,6.4,24.0,25.18
AJ2510000052,JNE,2.12,10.22,24.0,25.77
AJ2510000053,Pos Indonesia,3.82,24.04,24.0,24.95
AJ2510000054,SiCepat,2.08,3.53,24.0,26.82
AJ2510000055,SiCepat,2.86,28.66,48.0,48.93
AJ2510000056,Pos Indonesia,5.16,9.38,24.0,26.23
AJ2510000057,AnterAja,2.04,46.55,48.0,48.43
AJ2510000058,SiCepat,4.63,1.61,24.0,24.48
AJ2510000059,JNE,4.29,7.41,24.0,26.19
AJ2510000060,JNE,1.61,3.15,24.0,24.63
AJ2510000061,SiCepat,5.13,7.14,24.0,26.01
AJ2510000062,AnterAja,4.35,19.79,24.0,25.5
AJ2510000063,SiCepat,3.04,13.19,24.0,25.33
AJ2510000064,Pos Indonesia,1.81,12.3,24.0,26.71
AJ2510000065,SiCepat,1.71,13.45,24.0,25.2
AJ2510000066,AnterAja,2.07,18.98,24.0,23.83
AJ2510000067,AnterAja,3.96,6.0,24.0,24.4
AJ2510000068,J&T,1.61,30.62,48.0,49.95
AJ2510000069,JNE,3.72,29.36,48.0,49.7
AJ2510000070,AnterAja,1.36,22.55,24.0,24.05
AJ2510000071,JNE,2.53,26.54,48.0,48.73
AJ2510000072,J&T,3.05,20.73,24.0,24.89
AJ2510000073,Pos Indonesia,12.39,108.13,72.0,75.36
AJ2510000074,J&T,1.25,14.4,24.0,24.1
AJ2510000075,JNE,6.91,11.68,24.0,24.61
AJ2510000076,J&T,3.13,7.65,24.0,24.52
AJ2510000077,J&T,3.66,5.87,24.0,25.7
AJ2510000078,SiCepat,3.07,4.8,24.0,25.9
AJ2510000079,AnterAja,3.73,6.72,24.0,24.94
AJ2510000080,Pos Indonesia,2.61,14.63,24.0,25.37
AJ2510000081,SiCepat,6.84,21.49,24.0,25.76
AJ2510000082,J&T,2.17,16.42,24.0,24.6
AJ2510000083,Pos Indonesia,5.64,7.56,24.0,24.69
AJ2510000084,JNE,1.94,36.79,48.0,48.74
AJ2510000085,JNE,2.76,31.58,48.0,48.9
AJ2510000086,JNE,1.5,13.44,24.0,24.1
AJ2510000087,Pos Indonesia,3.75,8.41,24.0,25.71
AJ2510000088,AnterAja,6.8,26.34,48.0,50.07
AJ2510000089,JNE,2.73,18.7,24.0,23.89
AJ2510000090,AnterAja,2.54,3.95,24.0,25.0
AJ2510000091,JNE,1.46,14.66,24.0,24.88
AJ2510000092,SiCepat,2.49,20.06,24.0,25.8
AJ2510000093,AnterAja,1.1,6.65,24.0,24.99
AJ2510000094,J&T,1.65,18.73,24.0,24.13
AJ2510000095,J&T,N/A,3.93,24.0,24.03
AJ2510000096,SiCepat,6.31,55.67,48.0,50.31
AJ2510000097,J&T,15.42,51.19,48.0,51.0
AJ2510000098,JNE,2.01,12.31,24.0,23.25
AJ2510000099,JNE,6.76,22.09,24.0,25.58
AJ2510000100,Ninja Xpress,3.31,1.58,24.0,26.7
AJ2510000101,Ninja Xpress,2.61,5.21,24.0,25.68
AJ2510000102,SiCepat,3.7,11.83,24.0,25.84
AJ2510000103,J&T,2.97,5.65,24.0,24.5
AJ2510000104,Ninja Xpress,3.05,30.84,48.0,50.2
AJ2510000105,Pos Indonesia,2.24,104.32,72.0,74.08
AJ2510000106,SiCepat,1.24,5.12,24.0,23.35
AJ2510000107,AnterAja,1.13,7.06,24.0,25.76
AJ2510000108,J&T,4.23,19.56,24.0,24.57
AJ2510000109,JNE,2.42,72.28,48.0,49.81
AJ2510000110,Ninja Xpress,2.0,4.9,24.0,24.67
AJ2510000111,AnterAja,2.87,19.82,24.0,24.16
AJ2510000112,JNE,4.6,88.26,72.0,74.38
AJ2510000113,J&T,3.18,3.26,24.0,24.44
AJ2510000114,SiCepat,1.93,4.63,24.0,25.53
AJ2510000115,JNE,5.96,10.46,24.0,25.43
AJ2510000116,Pos Indonesia,7.37,9.54,24.0,25.94
AJ2510000117,Pos Indonesia,3.84,33.85,48.0,50.26
AJ2510000118,SiCepat,5.13,19.68,24.0,26.84
AJ2510000119,AnterAja,6.02,2.9,24.0,24.17
AJ2510000120,SiCepat,5.63,25.52,48.0,49.65
AJ2510000121,SiCepat,4.13,9.04,24.0,26.26
AJ2510000122,SiCepat,4.09,52.5,48.0,51.19
AJ2510000123,JNE,3.9,8.62,24.0,23.85
AJ2510000124,J&T,1.48,8.54,24.0,24.84
AJ2510000125,JNE,4.35,26.16,48.0,50.42
AJ2510000126,AnterAja,1.27,32.29,48.0,49.9
AJ2510000127,J&T,1.77,23.94,24.0,25.55
AJ2510000128,JNE,6.25,3.15,24.0,24.76
AJ2510000129,JNE,4.73,26.08,48.0,49.03
AJ2510000130,SiCepat,6.98,5.86,24.0,25.58
AJ2510000131,JNE,2.43,"19,6",24.0,24.97
AJ2510000132,Ninja Xpress,1.43,4.04,24.0,25.72
AJ2510000133,SiCepat,2.47,23.9,24.0,25.67
AJ2510000134,J&T,3.04,7.27,24.0,24.56
AJ2510000135,SiCepat,3.0,4.63,24.0,25.67
AJ2510000136,JNE,5.64,30.82,48.0,51.78
AJ2510000137,Ninja Xpress,2.3,"19,7",24.0,24.65
AJ2510000138,AnterAja,3.53,8.73,24.0,25.35
AJ2510000139,Pos Indonesia,,62.09,48.0,49.95
AJ2510000140,JNE,3.74,10.29,24.0,25.48
AJ2510000141,AnterAja,2.86,16.13,24.0,25.25
AJ2510000142,AnterAja,1.82,20.2,24.0,25.88
AJ2510000143,Ninja Xpress,2.48,8.68,24.0,26.8
AJ2510000144,SiCepat,2.56,24.47,24.0,25.77
AJ2510000145,AnterAja,2.43,9.42,24.0,25.98
AJ2510000146,J&T,8.27,10.58,24.0,23.39
AJ2510000147,J&T,2.69,57.08,48.0,51.31
AJ2510000148,AnterAja,2.47,5.82,24.0,25.31
AJ2510000149,AnterAja,0.81,1.58,24.0,25.76
AJ2510000150,JNE,1.67,72.27,48.0,49.18
AJ2510000151,Pos Indonesia,2.44,120.0,72.0,75.01
AJ2510000152,Ninja Xpress,1.89,10.64,24.0,26.01
AJ2510000153,JNE,6.55,2.48,24.0,24.91
AJ2510000154,AnterAja,2.59,11.65,24.0,25.35
AJ2510000155,JNE,6.19,11.92,24.0,25.97
AJ2510000156,SiCepat,2.97,13.06,24.0,24.0
AJ2510000157,J&T,2.92,5.43,24.0,25.84
AJ2510000158,SiCepat,2.71,27.13,48.0,49.68
AJ2510000159,Pos Indonesia,2.86,25.75,48.0,49.73
AJ2510000160,Pos Indonesia,8.01,3.78,24.0,24.41
AJ2510000161,JNE,0.71,30.39,48.0,49.74
AJ2510000162,Ninja Xpress,0.86,109.95,72.0,73.83
AJ2510000163,J&T,2.06,18.42,24.0,25.81
AJ2510000164,JNE,2.88,11.35,24.0,23.83
AJ2510000165,AnterAja,4.32,13.67,24.0,25.24
AJ2510000166,J&T,3.8,28.06,48.0,49.41
AJ2510000167,Pos Indonesia,2.27,3.02,24.0,26.39
AJ2510000168,Pos Indonesia,5.27,18.29,24.0,25.66
AJ2510000169,J&T,5.3,10.79,24.0,24.66
AJ2510000170,Ninja Xpress,3.19,90.51,72.0,75.03
AJ2510000171,J&T,5.09,13.26,24.0,26.27
AJ2510000172,AnterAja,3.37,76.29,72.0,74.8
AJ2510000173,J&T,2.04,5.48,24.0,24.74
AJ2510000174,Ninja Xpress,4.34,27.33,48.0,50.07
AJ2510000175,JNE,3.05,21.19,24.0,23.96
AJ2510000176,JNE,2.86,6.85,24.0,25.25
AJ2510000177,AnterAja,6.92,18.51,24.0,23.93
AJ2510000178,Ninja Xpress,0.66,49.5,48.0,51.2
AJ2510000179,Ninja Xpress,1.22,11.5,24.0,26.0
AJ2510000180,Pos Indonesia,1.4,3.14,24.0,27.35
AJ2510000181,Ninja Xpress,2.3,15.38,24.0,25.11
AJ2510000182,Ninja Xpress,2.45,6.64,24.0,25.74
AJ2510000183,AnterAja,1.16,11.3,24.0,26.53
AJ2510000184,J&T,1.58,14.48,24.0,26.16
AJ2510000185,Pos Indonesia,1.7,3.09,24.0,24.89
AJ2510000186,SiCepat,12.48,3.37,24.0,25.59
AJ2510000187,J&T,8.42,24.73,24.0,25.54
AJ2510000188,JNE,2.23,9.52,24.0,25.2
AJ2510000189,Pos Indonesia,2.3,1.37,24.0,24.86
AJ2510000190,J&T,1.43,32.97,48.0,49.48
AJ2510000191,Ninja Xpress,0.91,20.26,24.0,24.77
AJ2510000192,J&T,2.66,7.94,24.0,25.21
AJ2510000193,JNE,1.57,4.48,24.0,25.23
AJ2510000194,Pos Indonesia,2.72,34.61,48.0,49.88
AJ2510000195,JNE,N/A,21.8,24.0,23.89
AJ2510000196,JNE,1.81,120.0,72.0,75.86
AJ2510000197,SiCepat,3.12,23.32,24.0,25.9
AJ2510000198,Ninja Xpress,3.56,22.61,24.0,25.57
AJ2510000199,JNE,3.67,13.35,,24.85
AJ2510000200,J&T,1.29,33.99,48.0,48.37
AJ2510000201,Pos Indonesia,4.77,28.33,48.0,49.16
AJ2510000202,Ninja Xpress,1.77,51.37,48.0,50.23
AJ2510000203,AnterAja,4.18,9.53,24.0,26.1
AJ2510000204,JNE,2.84,10.34,24.0,24.49
AJ2510000205,JNE,1.25,9.92,24.0,25.48
AJ2510000206,J&T,2.36,33.16,48.0,49.15
AJ2510000207,JNE,3.56,64.94,48.0,50.25
AJ2510000208,SiCepat,4.13,10.12,24.0,25.26
AJ2510000209,JNE,2.63,10.45,24.0,25.7
AJ2510000210,AnterAja,7.16,21.08,24.0,24.97
AJ2510000211,SiCepat,5.23,"12,4",24.0,24.18
AJ2510000212,SiCepat,2.45,38.65,48.0,48.78
AJ2510000213,JNE,4.48,1.84,24.0,24.45
AJ2510000214,Pos Indonesia,9.12,7.13,24.0,24.67
AJ2510000215,SiCepat,9.27,7.44,24.0,25.75
AJ2510000216,Pos Indonesia,1.37,1.73,24.0,25.04
AJ2510000217,JNE,1.64,6.26,24.0,26.8
AJ2510000218,JNE,6.97,6.56,24.0,23.62
AJ2510000219,Ninja Xpress,1.51,12.92,24.0,26.09
AJ2510000220,J&T,1.29,45.03,48.0,48.88
AJ2510000221,J&T,2.13,12.39,24.0,24.78
AJ2510000222,AnterAja,3.68,5.88,24.0,25.15
AJ2510000223,SiCepat,2.69,14.82,24.0,23.58
AJ2510000224,Ninja Xpress,1.93,42.38,48.0,50.68
AJ2510000225,J&T,1.91,6.19,24.0,26.58
AJ2510000226,Ninja Xpress,1.86,6.59,24.0,25.45
AJ2510000227,JNE,1.69,26.59,48.0,49.5
AJ2510000228,AnterAja,11.23,12.67,24.0,26.14
AJ2510000229,SiCepat,3.42,28.94,48.0,49.59
AJ2510000230,JNE,4.86,15.44,24.0,24.68
AJ2510000231,JNE,2.13,30.47,48.0,47.55
AJ2510000232,J&T,2.56,5.85,24.0,25.58
AJ2510000233,Ninja Xpress,1.86,15.46,24.0,25.89
AJ2510000234,SiCepat,0.58,12.81,24.0,24.54
AJ2510000235,Ninja Xpress,1.25,4.93,24.0,25.87
AJ2510000236,Pos Indonesia,0.96,3.54,24.0,24.97
AJ2510000237,AnterAja,0.74,30.01,48.0,49.01
AJ2510000238,Pos Indonesia,1.39,11.21,24.0,26.08
AJ2510000239,JNE,6.33,5.92,24.0,23.92
AJ2510000240,JNE,2.78,14.28,24.0,25.91
AJ2510000241,Pos Indonesia,6.2,45.68,48.0,49.22
AJ2510000242,Pos Indonesia,3.66,1.79,24.0,24.93
AJ2510000243,J&T,4.57,3.77,24.0,26.6
AJ2510000244,AnterAja,1.66,6.51,24.0,25.91
AJ2510000245,SiCepat,3.91,62.68,48.0,50.45
AJ2510000246,Pos Indonesia,4.42,20.46,24.0,25.07
AJ2510000247,SiCepat,2.02,32.43,48.0,49.33
AJ2510000248,J&T,4.0,5.3,24.0,25.14
AJ2510000249,J&T,4.01,5.4,24.0,25.11
AJ2510000250,AnterAja,2.05,,24.0,25.27
AJ2510000251,SiCepat,1.46,16.53,24.0,25.42
AJ2510000252,Pos Indonesia,1.4,26.35,48.0,49.71
AJ2510000253,AnterAja,3.01,13.09,24.0,24.01
AJ2510000254,J&T,3.48,20.37,24.0,24.94
AJ2510000255,J&T,1.78,18.18,24.0,26.01
AJ2510000256,Pos Indonesia,2.9,32.75,48.0,48.94
AJ2510000257,Pos Indonesia,4.02,33.67,48.0,49.92
AJ2510000258,JNE,4.14,3.36,24.0,24.24
AJ2510000259,JNE,7.25,1.85,24.0,25.02
AJ2510000260,SiCepat,6.15,40.51,48.0,49.68
AJ2510000261,JNE,1.57,48.34,48.0,50.88
AJ2510000262,Pos Indonesia,7.85,5.93,24.0,26.02
AJ2510000263,J&T,2.08,2.67,24.0,23.94
AJ2510000264,JNE,5.35,17.19,24.0,25.72
AJ2510000265,Ninja Xpress,2.98,37.88,48.0,49.81
AJ2510000266,JNE,2.23,86.29,72.0,73.97
AJ2510000267,J&T,0.97,25.55,48.0,49.66
AJ2510000268,JNE,2.58,10.99,24.0,24.62
AJ2510000269,JNE,1.12,6.7,24.0,25.61
AJ2510000270,JNE,5.11,15.81,24.0,24.53
AJ2510000271,JNE,7.1,11.77,24.0,24.62
AJ2510000272,JNE,1.77,5.96,24.0,24.37
AJ2510000273,JNE,3.43,109.54,72.0,74.45
AJ2510000274,SiCepat,1.85,85.28,72.0,75.64
AJ2510000275,SiCepat,1.96,46.03,48.0,50.52
AJ2510000276,J&T,4.55,6.52,24.0,26.48
AJ2510000277,J&T,2.79,35.24,48.0,51.44
AJ2510000278,AnterAja,8.12,28.72,48.0,48.73
AJ2510000279,Ninja Xpress,2.14,23.82,24.0,26.2
AJ2510000280,Pos Indonesia,5.2,51.27,48.0,49.49
AJ2510000281,JNE,3.03,28.61,48.0,48.73
AJ2510000282,JNE,4.61,31.6,48.0,48.94
AJ2510000283,J&T,2.19,28.65,48.0,48.64
AJ2510000284,J&T,2.77,21.62,24.0,24.52
AJ2510000285,SiCepat,2.67,2.87,24.0,25.09
AJ2510000286,J&T,1.73,16.94,24.0,24.28
AJ2510000287,JNE,4.25,,24.0,25.68
AJ2510000288,J&T,4.22,4.64,24.0,24.34
AJ2510000289,AnterAja,4.08,77.3,72.0,76.65
AJ2510000290,JNE,7.19,80.85,72.0,74.07
AJ2510000291,Pos Indonesia,6.82,56.9,48.0,50.63
AJ2510000292,JNE,2.28,19.93,24.0,24.14
AJ2510000293,Ninja Xpress,3.57,56.44,48.0,52.16
AJ2510000294,JNE,1.97,15.82,24.0,25.99
AJ2510000295,Pos Indonesia,2.9,18.97,24.0,26.01
AJ2510000296,Ninja Xpress,1.99,5.54,24.0,24.72
AJ2510000297,Ninja Xpress,7.55,22.81,24.0,26.4
AJ2510000298,Pos Indonesia,3.55,16.57,24.0,24.84
AJ2510000299,Pos Indonesia,2.51,4.54,24.0,26.66
AJ2510000300,SiCepat,5.85,14.9,24.0,26.15
AJ2510000301,Pos Indonesia,0.78,14.5,24.0,25.72
AJ2510000302,JNE,0.85,86.29,72.0,72.46
AJ2510000303,AnterAja,4.61,36.58,48.0,48.85
AJ2510000304,AnterAja,2.96,15.81,24.0,25.76
AJ2510000305,Pos Indonesia,3.32,19.81,24.0,26.76
AJ2510000306,AnterAja,1.29,16.31,24.0,26.07
AJ2510000307,J&T,2.82,12.9,24.0,23.93
AJ2510000308,SiCepat,9.51,5.59,24.0,25.64
AJ2510000309,J&T,4.69,13.55,24.0,26.06
AJ2510000310,JNE,3.16,7.7,24.0,23.63
AJ2510000311,AnterAja,2.2,4.77,24.0,24.98
AJ2510000312,J&T,2.26,25.42,48.0,49.65
AJ2510000313,J&T,0.8,22.68,24.0,25.11
AJ2510000314,J&T,3.34,2.87,24.0,23.54
AJ2510000315,J&T,4.75,13.92,24.0,25.0
AJ2510000316,J&T,1.11,40.28,48.0,49.43
AJ2510000317,J&T,1.92,42.79,48.0,49.63
AJ2510000318,SiCepat,1.43,41.45,48.0,49.47
AJ2510000319,J&T,1.6,16.23,24.0,24.89
AJ2510000320,Ninja Xpress,2.95,7.01,24.0,25.81
AJ2510000321,Ninja Xpress,0.82,"5,6",24.0,26.13
AJ2510000322,AnterAja,4.13,21.7,24.0,25.1
AJ2510000323,,4.49,22.43,24.0,25.09
AJ2510000324,AnterAja,2.46,53.14,48.0,49.98
AJ2510000325,Pos Indonesia,0.65,44.48,48.0,48.67
AJ2510000326,SiCepat,1.57,13.8,24.0,25.78
AJ2510000327,Pos Indonesia,5.99,4.8,24.0,25.56
AJ2510000328,AnterAja,0.54,11.55,24.0,25.11
AJ2510000329,SiCepat,2.32,19.23,24.0,26.28
AJ2510000330,J&T,1.41,12.91,24.0,23.61
AJ2510000331,Pos Indonesia,4.63,9.03,24.0,24.04
AJ2510000332,JNE,1.91,19.89,24.0,25.39
AJ2510000333,SiCepat,3.64,9.69,24.0,25.35
AJ2510000334,Pos Indonesia,4.01,8.61,24.0,25.73
AJ2510000335,JNE,8.6,21.03,24.0,24.95
AJ2510000336,SiCepat,2.53,10.68,24.0,25.88
AJ2510000337,JNE,3.58,19.73,24.0,25.94
AJ2510000338,Pos Indonesia,1.17,20.28,24.0,26.15
AJ2510000339,JNE,5.84,5.3,24.0,24.76
AJ2510000340,Ninja Xpress,1.81,9.9,24.0,24.19
AJ2510000341,JNE,2.04,61.31,48.0,50.57
AJ2510000342,Ninja Xpress,2.82,5.19,24.0,26.78
AJ2510000343,Pos Indonesia,1.12,2.09,24.0,25.93
AJ2510000344,SiCepat,3.28,2.67,24.0,24.51
AJ2510000345,Pos Indonesia,5.11,16.08,24.0,26.3
AJ2510000346,Pos Indonesia,3.41,16.11,24.0,26.41
AJ2510000347,Ninja Xpress,1.1,13.99,24.0,27.18
AJ2510000348,J&T,2.65,49.57,48.0,49.19
AJ2510000349,SiCepat,4.46,1.23,24.0,25.03
AJ2510000350,JNE,0.93,22.79,24.0,25.8
AJ2510000351,SiCepat,1.5,68.95,48.0,50.49
AJ2510000352,JNE,4.84,5.36,24.0,24.05
AJ2510000353,SiCepat,3.36,10.9,24.0,25.71
AJ2510000354,SiCepat,3.66,7.65,24.0,25.78
AJ2510000355,AnterAja,8.72,6.69,24.0,25.22
AJ2510000356,AnterAja,3.79,11.47,24.0,25.32
AJ2510000357,Pos Indonesia,4.24,60.71,48.0,50.38
AJ2510000358,Pos Indonesia,14.53,89.61,72.0,76.53
AJ2510000359,AnterAja,2.51,11.37,24.0,24.4
AJ2510000360,SiCepat,1.77,95.57,72.0,74.48
AJ2510000361,Ninja Xpress,3.69,16.18,24.0,26.04
AJ2510000362,JNE,3.72,82.77,72.0,75.1
AJ2510000363,JNE,2.08,14.32,24.0,23.87
AJ2510000364,JNE,1.54,17.72,24.0,24.07
AJ2510000365,SiCepat,11.43,22.14,24.0,24.12
AJ2510000366,J&T,3.48,120.0,72.0,75.28
AJ2510000367,Pos Indonesia,1.84,35.12,48.0,49.16
AJ2510000368,SiCepat,4.95,7.99,24.0,25.04
AJ2510000369,J&T,2.68,39.27,48.0,50.23
AJ2510000370,Ninja Xpress,2.46,11.09,24.0,25.4
AJ2510000371,Pos Indonesia,4.0,9.82,24.0,25.8
AJ2510000372,J&T,1.32,37.08,48.0,49.39
AJ2510000373,J&T,3.53,16.11,24.0,25.81
AJ2510000374,J&T,9.0,20.38,24.0,25.85
AJ2510000375,JNE,3.78,15.85,24.0,24.57
AJ2510000376,JNE,2.28,21.54,24.0,25.07
AJ2510000377,Ninja Xpress,2.11,23.42,24.0,26.97
AJ2510000378,AnterAja,2.23,2.48,24.0,25.26
AJ2510000379,J&T,2.45,29.47,48.0,48.39
AJ2510000380,Pos Indonesia,2.28,6.15,24.0,26.04
AJ2510000381,AnterAja,4.95,3.97,24.0,24.16
AJ2510000382,Ninja Xpress,1.01,14.8,24.0,27.08
AJ2510000383,Pos Indonesia,4.79,16.94,24.0,26.59
AJ2510000384,AnterAja,2.28,8.09,24.0,25.28
AJ2510000385,J&T,3.58,34.45,48.0,49.75
AJ2510000386,Ninja Xpress,1.45,4.37,24.0,25.59
AJ2510000387,SiCepat,6.34,10.63,24.0,25.97
AJ2510000388,Ninja Xpress,6.03,8.97,24.0,25.64
AJ2510000389,JNE,5.08,14.97,24.0,25.32
AJ2510000390,Pos Indonesia,1.15,20.39,24.0,26.46
AJ2510000391,SiCepat,4.7,6.0,24.0,24.86
AJ2510000392,JNE,3.64,31.13,48.0,48.92
AJ2510000393,SiCepat,1.09,16.61,24.0,24.48
AJ2510000394,SiCepat,2.82,2.59,24.0,24.35
AJ2510000395,JNE,3.56,2.43,24.0,23.4
AJ2510000396,AnterAja,3.99,15.46,24.0,25.81
AJ2510000397,Pos Indonesia,3.18,12.68,24.0,27.1
AJ2510000398,J&T,3.4,14.18,24.0,26.38
AJ2510000399,AnterAja,6.92,15.23,24.0,23.98
AJ2510000400,AnterAja,5.96,19.38,24.0,25.92
AJ2510000401,J&T,0.51,38.48,48.0,50.78
AJ2510000402,Ninja Xpress,2.36,5.44,24.0,25.44
AJ2510000403,Pos Indonesia,2.59,5.14,24.0,25.58
AJ2510000404,JNE,1.0,5.54,24.0,23.27
AJ2510000405,Ninja Xpress,3.02,20.58,24.0,26.31
AJ2510000406,Ninja Xpress,6.05,51.04,48.0,49.89
AJ2510000407,J&T,1.49,10.38,24.0,25.29
AJ2510000408,Pos Indonesia,3.5,1.45,24.0,24.2
AJ2510000409,JNE,1.65,3.1,24.0,25.28
AJ2510000410,Ninja Xpress,1.91,7.09,24.0,26.64
AJ2510000411,SiCepat,6.93,9.21,24.0,24.79
AJ2510000412,SiCepat,2.06,10.61,24.0,24.43
AJ2510000413,JNE,3.77,16.23,24.0,23.41
AJ2510000414,Ninja Xpress,0.93,11.63,24.0,25.68
AJ2510000415,JNE,8.74,42.39,48.0,49.26
AJ2510000416,J&T,4.1,8.23,24.0,23.9
AJ2510000417,JNE,2.56,6.9,24.0,25.29
AJ2510000418,Pos Indonesia,4.04,24.65,24.0,25.54
AJ2510000419,JNE,1.23,3.64,24.0,23.98
AJ2510000420,Ninja Xpress,5.81,22.65,24.0,
AJ2510000421,SiCepat,2.35,17.24,24.0,26.33
AJ2510000422,JNE,2.53,13.6,24.0,25.54
AJ2510000423,JNE,2.13,70.73,48.0,50.03
AJ2510000424,JNE,2.02,8.66,24.0,25.45
AJ2510000425,SiCepat,4.34,110.75,72.0,74.36
AJ2510000426,Pos Indonesia,3.33,12.63,24.0,25.68
AJ2510000427,J&T,4.23,4.65,24.0,25.19
AJ2510000428,Pos Indonesia,2.84,16.72,24.0,25.35
AJ2510000429,JNE,3.89,5.63,24.0,25.28
AJ2510000430,Pos Indonesia,2.22,7.66,24.0,24.92
AJ2510000431,Ninja Xpress,10.89,22.81,24.0,26.71
AJ2510000432,Pos Indonesia,1.12,26.52,48.0,50.32
AJ2510000433,SiCepat,6.09,8.66,24.0,23.05
AJ2510000434,Pos Indonesia,6.49,39.97,48.0,51.19
AJ2510000435,JNE,1.71,46.98,48.0,47.24
AJ2510000436,JNE,10.89,61.22,48.0,49.64
AJ2510000437,JNE,5.19,25.87,48.0,50.17
AJ2510000438,AnterAja,5.12,57.13,48.0,49.78
AJ2510000439,Pos Indonesia,2.91,2.62,24.0,24.28
AJ2510000440,SiCepat,2.51,11.57,24.0,24.49
AJ2510000441,Pos Indonesia,2.52,6.86,24.0,26.35
AJ2510000442,JNE,3.61,17.52,24.0,23.62
AJ2510000443,Pos Indonesia,6.62,9.09,24.0,26.56
AJ2510000444,JNE,3.19,13.36,24.0,25.02
AJ2510000445,J&T,1.65,93.51,72.0,73.76
AJ2510000446,SiCepat,4.69,13.31,24.0,24.98
AJ2510000447,Ninja Xpress,N/A,23.18,24.0,25.38
AJ2510000448,SiCepat,4.23,12.55,24.0,26.12
AJ2510000449,JNE,4.47,16.81,24.0,25.74
AJ2510000450,SiCepat,2.43,15.73,24.0,24.07
AJ2510000451,JNE,1.64,23.95,24.0,24.91
AJ2510000452,Ninja Xpress,1.7,47.33,48.0,49.89
AJ2510000453,SiCepat,1.07,74.82,48.0,51.58
AJ2510000454,JNE,3.29,20.99,24.0,24.13
AJ2510000455,JNE,2.72,27.39,48.0,50.61
AJ2510000456,JNE,2.19,5.24,24.0,24.87
AJ2510000457,Ninja Xpress,0.49,14.39,24.0,25.0
AJ2510000458,AnterAja,1.35,38.22,48.0,49.06
AJ2510000459,Pos Indonesia,5.6,35.61,48.0,49.5
AJ2510000460,SiCepat,1.92,19.13,24.0,24.48
AJ2510000461,SiCepat,3.55,36.31,48.0,49.94
AJ2510000462,JNE,1.24,24.93,24.0,24.27
AJ2510000463,Ninja Xpress,6.77,48.93,48.0,48.97
AJ2510000464,J&T,2.62,20.59,24.0,25.04
AJ2510000465,SiCepat,3.4,11.16,24.0,23.94
AJ2510000466,SiCepat,11.54,21.52,24.0,25.14
AJ2510000467,SiCepat,7.1,1.0,24.0,24.53
AJ2510000468,Ninja Xpress,2.38,22.51,24.0,25.43
AJ2510000469,JNE,2.0,1.0,24.0,26.41
AJ2510000470,AnterAja,2.35,3.04,24.0,25.0
AJ2510000471,J&T,3.88,24.03,24.0,25.63
AJ2510000472,AnterAja,2.68,24.62,24.0,23.95
AJ2510000473,JNE,2.25,5.18,24.0,24.37
AJ2510000474,JNE,6.89,7.95,24.0,25.21
AJ2510000475,J&T,2.67,57.51,48.0,49.23
AJ2510000476,J&T,11.36,9.88,24.0,26.04
AJ2510000477,AnterAja,3.02,120.0,72.0,74.23
AJ2510000478,SiCepat,8.34,15.61,24.0,25.33
AJ2510000479,SiCepat,3.54,23.05,24.0,25.14
AJ2510000480,J&T,5.09,72.68,48.0,50.51
AJ2510000481,J&T,1.85,17.72,24.0,24.76
AJ2510000482,JNE,1.71,6.04,24.0,24.68
AJ2510000483,SiCepat,3.77,14.09,24.0,25.25
AJ2510000484,J&T,5.17,15.12,24.0,24.7
AJ2510000485,JNE,2.93,4.28,24.0,25.28
AJ2510000486,J&T,1.32,12.27,24.0,25.35
AJ2510000487,AnterAja,1.26,7.73,24.0,24.95
AJ2510000488,J&T,1.21,37.64,48.0,49.3
AJ2510000489,SiCepat,0.99,16.17,24.0,26.06
AJ2510000490,SiCepat,3.05,11.96,24.0,25.2
AJ2510000491,SiCepat,5.61,14.14,24.0,25.24
AJ2510000492,SiCepat,2.83,19.34,24.0,25.61
AJ2510000493,SiCepat,0.74,28.11,48.0,51.01
AJ2510000494,J&T,2.55,6.05,24.0,23.99
AJ2510000495,Pos Indonesia,2.59,5.82,24.0,26.13
AJ2510000496,AnterAja,10.05,44.68,48.0,48.39
AJ2510000497,AnterAja,1.19,10.57,24.0,25.25
AJ2510000498,SiCepat,2.26,4.07,24.0,26.48
AJ2510000499,J&T,7.95,23.85,24.0,25.9
AJ2510000500,AnterAja,3.74,24.29,24.0,25.52
AJ2510000092,SiCepat,2.49,20.06,24.0,25.8
AJ2510000079,AnterAja,3.73,6.72,24.0,24.94
AJ2510000472,AnterAja,2.68,24.62,24.0,23.95
AJ2510000305,Pos Indonesia,3.32,19.81,24.0,26.76
AJ2510000123,JNE,3.9,8.62,24.0,23.85
AJ2510000205,JNE,1.25,9.92,24.0,25.48
AJ2510000274,SiCepat,1.85,85.28,72.0,75.64
AJ2510000475,J&T,2.67,57.51,48.0,49.23
AJ2510000321,Ninja Xpress,0.82,"5,6",24.0,26.13
AJ2510000050,JNE,5.83,11.09,24.0,25.52
AJ2510000166,J&T,3.8,28.06,48.0,49.41
AJ2510000180,Pos Indonesia,1.4,3.14,24.0,27.35
AJ2510000391,SiCepat,4.7,6.0,24.0,24.86
AJ2510000138,AnterAja,3.53,8.73,24.0,25.35
AJ2510000158,SiCepat,2.71,27.13,48.0,49.68
AJ2510000146,J&T,8.27,10.58,24.0,23.39
AJ2510000270,JNE,5.11,15.81,24.0,24.53
AJ2510000292,JNE,2.28,19.93,24.0,24.14
AJ2510000225,J&T,1.91,6.19,24.0,26.58
AJ2510000207,JNE,3.56,64.94,48.0,50.25
AJ2510000303,AnterAja,4.61,36.58,48.0,48.85
AJ2510000111,AnterAja,2.87,19.82,24.0,24.16
AJ2510000327,Pos Indonesia,5.99,4.8,24.0,25.56
AJ2510000229,SiCepat,3.42,28.94,48.0,49.59
AJ2510000017,AnterAja,3.07,11.37,24.0,24.21
